0,1,2,3,4,5,6,7,8,9,10,11,12,13,14,15,16,17,18,19,20,21,22,23,24
0,0,0,0,0,0,0,0,0,7.467588,7.593418,7.520541,8.447546,7.544352,8.124541,7.730001,7.531491,7.422358,23.960269,30.406652,22.934971,33.762343,38.610710,25.521115,30.885582
0,0,0,0,0,0,0,0,0,7.796224,8.408870,7.622598,8.206717,7.674336,7.752091,7.713206,7.872483,8.095563,23.164593,32.894777,24.309937,25.563164,52.522019,27.431265,482.062907
0,0,0,0,0,0,0,0,0,7.731382,7.768633,7.976967,7.669416,7.481294,7.670254,7.623490,7.686538,8.233550,23.429607,39.547770,29.945211,25.517520,32.421763,24.384710,105.745504
0,0,0,0,0,0,0,0,0,7.970866,7.757611,7.787495,7.404137,7.478003,7.581854,7.320217,7.932807,7.486086,22.947988,30.250446,24.955405,24.998432,101.914787,23.189246,34.594798
0,0,0,0,0,0,0,0,0,8.078729,8.043939,7.385099,7.844158,7.626812,8.297742,8.105676,7.773482,7.889799,24.185850,29.706082,23.001777,22.953130,32.379241,27.428219,37.283649
0,0,0,0,0,0,0,0,0,7.759062,7.605592,7.406721,7.960678,7.679947,7.755672,7.896890,8.092068,7.746222,26.629201,28.842269,22.959015,24.639918,38.305719,24.354479,31.442217
0,0,0,0,0,0,0,0,0,7.299734,7.603801,8.040235,7.796456,8.108837,8.043762,8.446140,8.108137,7.562900,23.672807,31.731277,22.931099,32.158896,34.314251,22.940717,32.981784
0,0,0,0,0,0,0,0,0,7.726713,7.622086,8.354497,7.282474,7.308761,7.796644,7.923075,7.586745,7.352747,26.426645,25.918862,23.294190,28.324213,37.287040,25.420484,32.301565
0,0,0,0,0,0,0,0,0,7.462069,7.451633,7.600164,8.261445,7.838455,8.119539,7.650248,7.855948,7.600903,25.045052,29.019743,22.890531,25.150812,49.339984,23.044366,29.656660
0,0,0,0,0,0,0,0,0,7.395962,7.284263,7.935244,7.306354,7.487423,8.405837,8.048740,7.411625,7.612232,23.740522,32.078388,27.632845,23.413999,126.149449,25.012323,36.302457
0,0,0,0,0,0,0,0,0,8.902136,7.740270,8.231671,7.958254,7.578590,8.703346,8.371923,7.494023,7.304714,27.052284,31.960185,26.586881,40.929671,124.529269,24.892449,33.999465
0,0,0,0,0,0,0,0,0,7.819825,7.538482,10.248164,7.660911,7.764107,8.100036,7.808310,8.092613,7.662200,22.983004,28.280599,31.505974,26.169635,33.041268,25.541419,113.402121
0,0,0,0,0,0,0,0,0,8.292652,7.425766,7.715203,7.422151,8.451233,7.837955,7.686371,8.217199,7.628773,26.287165,33.185007,27.612123,28.561490,29.431593,24.803778,426.242565
0,0,0,0,0,0,0,0,0,7.802676,8.159132,7.627713,7.672277,7.644069,8.408167,7.913642,7.793396,7.769643,23.009511,30.756791,23.986308,34.600270,47.832615,24.112535,40.745299
0,0,0,0,0,0,0,0,0,8.827465,7.383081,7.538989,7.322572,7.449108,7.512213,7.972204,7.652634,7.781522,29.774466,36.796859,22.924971,27.320773,276.177016,23.176783,33.075319
0,0,0,0,0,0,0,0,0,8.270776,9.007481,8.762508,7.331018,8.277188,9.748042,8.122635,7.622916,7.362124,23.721348,26.555908,25.375015,23.402336,47.883607,24.481564,115.709124
0,0,0,0,0,0,0,0,0,7.630976,7.887270,7.753241,8.939522,7.525232,7.846043,7.649425,7.407032,7.516758,24.571856,44.698118,24.099073,24.383402,36.191104,26.045408,38.398734
0,0,0,0,0,0,0,0,0,7.621217,7.437228,7.765747,7.534482,7.607045,7.897692,7.674715,7.759005,9.261717,33.246396,27.954674,23.052029,30.300679,109.551299,23.743887,29.383161
0,0,0,0,0,0,0,0,0,7.574120,7.665644,7.728468,7.284148,7.833355,7.760331,7.778267,7.329818,7.462999,23.003372,26.849470,45.144750,22.933918,48.183837,25.200474,32.445943
0,0,0,0,0,0,0,0,0,7.804036,7.972324,7.550686,7.545477,7.654547,7.727803,7.894666,7.772022,9.554989,22.961770,30.608011,24.896085,24.478389,40.246662,24.695724,38.555348
0,0,0,0,0,0,0,0,0,7.490842,7.458448,8.124249,7.916105,7.398508,7.849510,7.927629,8.007701,7.560447,24.271758,30.814644,24.204900,25.607297,36.340600,26.254961,218.812662
0,0,0,0,0,0,0,0,0,8.073180,7.811105,7.947230,7.435339,7.611453,8.007962,7.716550,7.514717,7.666250,25.603049,35.167723,26.381351,22.927718,37.431453,23.020894,46.280623
0,0,0,0,0,0,0,0,0,7.827930,7.822838,7.770404,7.862720,7.253014,8.024492,7.711029,7.933971,7.268999,25.136600,29.936669,23.047270,23.299679,114.370460,25.386635,114.847081
0,0,0,0,0,0,0,0,0,8.141353,7.608666,8.514694,7.420581,7.324161,7.974932,7.800897,7.804812,7.983494,24.852298,31.625592,23.109088,25.726200,32.894071,23.704418,28.399414
0,0,0,0,0,0,0,0,0,7.545623,7.631668,7.650784,7.456832,7.619974,8.771871,7.771344,7.617997,7.772613,25.596807,27.752146,25.669358,27.319588,40.432790,24.898750,32.669784
0,0,0,0,0,0,0,0,0,8.550289,7.842738,7.891034,7.417950,7.672084,7.863399,8.290390,7.437446,7.518807,27.628505,35.281466,23.049669,23.522908,30.437312,26.339868,37.325862
0,0,0,0,0,0,0,0,0,9.137162,7.725629,7.893872,7.386882,7.588451,8.231983,7.774888,8.476079,7.620747,23.862938,29.922517,24.697443,22.965739,37.527327,31.445099,36.644130
0,0,0,0,0,0,0,0,0,7.365476,8.095254,8.178134,7.828228,7.768471,7.979218,8.157780,7.711744,7.389404,24.283116,28.218738,22.959739,23.799253,27.353282,25.064744,42.228680
0,0,0,0,0,0,0,0,0,7.462453,7.874133,8.035832,7.696323,7.311078,8.228794,7.748172,8.269365,7.466676,23.044701,27.123927,23.033593,25.338860,33.288929,22.946786,33.165981
0,0,0,0,0,0,0,0,0,7.464389,8.063952,7.936389,7.348959,7.925747,7.464619,7.948525,7.839025,7.476943,26.026715,52.290044,25.945461,25.846194,131.462638,24.099460,107.337933
0,0,0,0,0,0,0,0,0,7.970305,7.538833,7.944439,7.676741,7.937030,7.957505,7.705907,7.539136,7.500200,25.192126,28.035129,26.473331,24.311767,32.619713,25.001412,121.707138
0,0,0,0,0,0,0,0,0,8.072098,8.172474,7.779082,7.813984,8.362281,7.913271,7.793402,7.323359,8.361891,23.408393,27.981954,22.982448,23.517459,37.619370,23.433973,31.334636
0,0,0,0,0,0,0,0,0,8.161988,7.582486,7.592989,7.331462,8.670810,8.406957,7.376413,7.520831,7.313690,30.538473,23.910559,22.979918,23.793856,41.810039,31.315804,37.832032
0,0,0,0,0,0,0,0,0,7.722583,7.758018,7.995089,7.979699,7.434907,8.967243,7.548716,7.708008,7.254424,25.919575,25.164750,23.631695,26.573449,36.728805,24.498161,46.503223
0,0,0,0,0,0,0,0,0,8.139493,7.854173,7.733281,7.484657,7.460931,8.089859,7.464192,8.349648,7.619828,29.045967,32.469237,30.910039,23.004915,143.479421,24.822865,41.329817
0,0,0,0,0,0,0,0,0,8.292963,7.543082,7.681900,7.522824,7.280076,7.803623,8.743579,8.522951,7.527779,27.990913,30.148167,24.854265,24.301633,248.849902,25.002936,50.574271
0,0,0,0,0,0,0,0,0,8.299680,7.881927,8.216756,7.758235,7.435665,8.455575,7.799390,7.490867,7.719149,26.435589,27.002254,22.953958,22.918648,31.945716,22.969159,32.619277
0,0,0,0,0,0,0,0,0,7.585400,7.730051,7.965794,7.821516,7.276531,7.794005,7.607732,7.492800,8.009500,30.812326,32.576838,23.043905,22.953256,37.478774,24.720360,117.903400
0,0,0,0,0,0,0,0,0,8.085819,7.595701,8.171554,7.579259,7.378723,8.862047,8.019927,7.483979,7.970484,24.272092,36.267738,22.999332,24.420718,109.162922,22.941789,38.601423
0,0,0,0,0,0,0,0,0,7.790849,8.052440,7.732385,7.988006,7.442557,8.284886,7.624359,7.518715,7.472148,22.984271,26.758131,25.496040,25.819500,33.618744,58.201071,31.804575
0,0,0,0,0,0,0,0,0,7.599204,7.526722,8.023316,7.811894,7.577562,8.413176,8.015569,7.900674,7.695299,26.326896,37.373784,26.011013,22.920090,42.440819,24.836948,25.828226
0,0,0,0,0,0,0,0,0,8.202467,7.827389,7.584743,7.670938,7.447026,8.198465,8.024630,7.865547,7.425715,25.215803,26.649640,23.025021,26.741708,47.153704,23.003932,37.720483
0,0,0,0,0,0,0,0,0,7.892260,7.422607,8.009071,8.088302,7.704523,7.356421,7.977279,7.743545,7.277940,26.071921,34.014705,27.775654,28.197847,117.320249,31.216109,46.093955
0,0,0,0,0,0,0,0,0,8.709840,8.298195,7.297919,7.286688,7.690640,7.744458,8.162847,7.588029,7.283111,27.887258,33.112732,23.142453,26.368522,40.145328,27.415610,100.017532
0,0,0,0,0,0,0,0,0,7.612636,7.677773,7.841238,7.282672,7.265535,8.003992,7.804055,7.919211,7.652242,24.926059,31.980544,22.951075,30.540367,255.281203,27.920309,28.338784
0,0,0,0,0,0,0,0,0,7.768320,7.830959,7.868632,8.555389,7.461172,7.983562,7.991574,7.935085,7.381263,25.269920,30.906261,24.168085,25.374719,142.078607,26.101136,26.852780
0,0,0,0,0,0,0,0,0,8.140529,8.049041,7.909412,7.796446,7.277693,8.301055,7.935683,7.759006,8.852092,24.252935,32.506625,28.608203,26.254424,30.546836,27.069379,30.582622
0,0,0,0,0,0,0,0,0,7.808938,7.931613,8.020160,7.282728,7.287639,7.734502,7.587181,7.752460,7.660731,25.670774,28.052254,25.445486,23.128287,29.983609,23.010057,40.759767
0,0,0,0,0,0,0,0,0,7.336430,7.643280,8.858934,7.739121,7.446672,7.729407,7.985917,8.200833,7.702451,22.963875,28.835029,23.153797,27.628032,39.767016,26.545638,37.797654
0,0,0,0,0,0,0,0,0,8.011510,8.441978,7.815597,7.242641,7.649313,8.006718,8.504562,7.496666,7.708878,24.781461,29.114338,22.956188,25.871817,32.968457,27.441561,51.977094
0,0,0,0,0,0,0,0,0,7.983585,8.442473,7.429351,7.299781,7.965356,8.197041,7.863934,7.696882,8.041416,24.596836,25.445556,23.018643,23.335093,33.289797,25.187394,25.752733
0,0,0,0,0,0,0,0,0,7.929332,7.660565,7.428473,7.426878,7.615580,7.725248,7.771939,7.375307,7.865560,22.979201,33.678695,23.550412,30.473516,32.722486,22.952425,40.892684
0,0,0,0,0,0,0,0,0,7.908011,8.483574,7.725689,7.456420,7.613292,8.149247,7.928856,8.009755,8.104476,28.053118,28.239026,25.130669,32.669123,108.804264,25.671073,40.844314
0,0,0,0,0,0,0,0,0,7.650574,9.066842,7.274947,7.655726,7.476253,8.176349,7.727809,7.363671,7.298075,34.364969,34.098866,25.588631,24.896636,38.112032,22.955239,106.960604
0,0,0,0,0,0,0,0,0,7.400433,7.851232,8.241732,7.418590,7.649244,7.735957,7.570033,8.170646,7.738002,30.108200,34.988613,33.246751,24.242773,121.862899,26.814759,34.486207
0,0,0,0,0,0,0,0,0,8.413216,7.363944,8.360758,8.650030,8.321593,7.871303,9.780429,8.145312,7.845363,23.508687,33.579052,24.239823,29.984774,116.989375,22.963786,38.589011
0,0,0,0,0,0,0,0,0,8.065752,7.434973,7.892960,8.376763,8.087754,8.366345,7.875978,7.585934,7.582783,23.032084,27.285151,28.247025,26.125890,43.201907,25.285570,40.518363
0,0,0,0,0,0,0,0,0,7.374731,7.517087,8.278481,7.862560,7.297825,8.059125,7.657794,7.889240,7.608233,29.244947,25.433022,25.777095,23.016158,49.928351,25.894752,34.514142
0,0,0,0,0,0,0,0,0,8.880092,7.756354,7.843969,7.814394,7.274654,7.478377,7.706624,7.628134,7.417479,22.943149,27.492258,23.222381,27.899608,32.622843,22.986452,38.478138
0,0,0,0,0,0,0,0,0,8.228441,7.287607,7.995348,7.650835,7.497564,7.669288,8.313244,7.863098,7.895900,30.758166,34.212224,23.880750,26.460006,46.130556,23.889055,43.577135
0,0,0,0,0,0,0,0,0,8.844441,7.813063,8.096083,7.321269,7.279924,8.364637,7.719638,7.801338,7.359444,28.483327,29.062134,26.032848,26.978897,35.937840,24.964749,133.097265
0,0,0,0,0,0,0,0,0,8.580004,7.325965,7.924436,7.505792,7.248251,8.361803,8.011264,8.022052,8.144885,29.036891,26.065687,23.003160,26.037743,28.815961,23.915842,49.637311
0,0,0,0,0,0,0,0,0,8.749419,7.442443,7.642112,7.584835,7.559189,8.115698,7.931089,8.606107,7.989792,25.639712,24.617221,27.572647,22.922537,113.566905,24.275893,34.896769
0,0,0,0,0,0,0,0,0,7.575907,7.920299,8.278052,7.695295,7.941205,8.489118,8.197910,7.975050,7.515217,24.906955,29.930937,22.917784,24.606917,44.094171,24.959571,38.540234
0,0,0,0,0,0,0,0,0,7.847455,7.763382,8.337318,7.628668,7.602365,8.217720,7.766592,8.373568,7.344499,25.570301,29.356230,30.200052,22.944717,129.550122,25.458492,32.233028
0,0,0,0,0,0,0,0,0,7.888688,7.437527,7.415250,7.750088,7.420993,7.607488,7.567861,7.792904,7.818532,23.466832,39.175159,23.009005,26.688317,39.082432,23.640485,25.373485
0,0,0,0,0,0,0,0,0,8.469470,7.572297,7.436018,8.060156,7.512937,7.362033,7.549065,8.446937,11.699006,22.894312,36.793782,26.847371,25.992331,108.996479,22.941205,111.674472
0,0,0,0,0,0,0,0,0,7.695911,7.714259,7.628256,7.871171,7.337179,7.948324,7.666219,7.395017,7.838835,25.378610,35.873929,22.935792,27.965793,33.989517,23.697170,37.508475
0,0,0,0,0,0,0,0,0,8.145254,8.149048,8.382602,7.631515,7.811661,7.576706,8.666335,7.374386,7.664617,23.011707,34.333252,34.114494,24.718137,38.975144,22.951440,105.496448
0,0,0,0,0,0,0,0,0,7.977062,8.064719,7.599025,7.259700,7.295758,7.939224,7.741968,8.214417,7.496957,23.760281,28.389350,29.475747,23.906745,32.148191,22.930666,105.916202
0,0,0,0,0,0,0,0,0,7.999019,7.588508,8.418232,7.331133,7.673132,8.246614,7.996057,8.141061,7.537148,27.469197,23.020926,25.578680,26.755350,116.533428,25.739696,36.547227
0,0,0,0,0,0,0,0,0,8.471174,8.044643,7.675180,8.611763,8.088324,8.281004,7.672077,8.077066,7.277918,28.813875,28.010146,22.876008,28.793202,47.318104,28.754006,28.031653
0,0,0,0,0,0,0,0,0,7.879009,8.494479,7.637501,7.422916,7.863885,8.469328,8.194085,8.664071,7.283320,22.912361,42.875498,22.954412,26.286143,38.590075,28.432220,127.986646
0,0,0,0,0,0,0,0,0,7.618167,7.341547,7.985014,7.726968,7.405939,7.728150,8.178051,7.445646,7.763141,23.899196,26.809080,22.930098,28.665081,36.006451,23.685492,49.715979
0,0,0,0,0,0,0,0,0,10.632708,7.394538,8.037162,7.546409,7.277869,7.868055,8.145302,8.262100,7.372615,23.535536,25.843339,23.558672,36.230503,32.229360,25.778533,42.405757
0,0,0,0,0,0,0,0,0,7.559174,8.234034,7.893312,7.482304,8.070627,8.053676,8.164145,7.514407,8.629691,23.114087,24.200048,22.916305,27.109353,44.145560,26.226454,32.277627
0,0,0,0,0,0,0,0,0,8.027314,8.414254,7.891035,7.415677,8.114387,7.719469,8.102837,7.339427,8.245412,26.850018,35.025209,27.949336,24.645069,36.746115,24.216921,109.592536
0,0,0,0,0,0,0,0,0,8.014164,7.653220,7.511863,7.429039,8.053327,8.159588,7.726226,7.511132,7.304073,26.912273,37.957524,26.462779,27.617306,121.644253,22.966338,43.839778
0,0,0,0,0,0,0,0,0,7.605756,7.351017,7.691619,7.792914,8.176083,8.277516,8.402270,7.514946,7.454509,32.586775,25.138228,22.960011,23.964051,249.941884,22.958929,122.612758
0,0,0,0,0,0,0,0,0,8.236941,7.977344,8.026475,7.622564,7.502271,7.803599,7.727510,7.717575,7.517063,23.951110,39.227657,27.341248,26.676217,43.046780,26.751874,116.725959
0,0,0,0,0,0,0,0,0,7.831837,7.435867,7.632001,7.637737,7.512361,8.199993,7.902060,7.634441,8.276772,22.952281,28.809612,30.237591,23.100568,117.537149,27.368756,24.679747
0,0,0,0,0,0,0,0,0,7.762070,7.884200,7.798051,7.541506,7.759486,7.489933,7.883908,7.750633,7.565416,22.952629,31.055402,38.915914,22.977982,38.947157,27.092202,105.622654
0,0,0,0,0,0,0,0,0,7.682328,7.884391,7.903403,7.609380,7.487510,7.888378,8.419900,8.284441,7.757372,31.424210,30.071639,28.114335,31.005060,33.630837,22.931702,37.542527
0,0,0,0,0,0,0,0,0,7.851617,8.072414,8.493737,7.645689,7.850543,8.423863,7.701670,7.575201,8.067914,27.590776,29.786141,25.364235,25.415046,36.370834,23.960675,39.649961
0,0,0,0,0,0,0,0,0,8.044513,7.306649,7.929492,7.336959,7.522038,7.831589,7.839346,7.969261,7.381157,25.639940,35.820756,24.541248,24.828946,33.771122,26.124178,39.216800
0,0,0,0,0,0,0,0,0,8.402930,8.159164,7.900553,7.565372,7.870934,7.441939,7.311842,7.562181,7.614679,24.718947,35.636536,24.302093,23.068566,38.206310,29.181845,44.421219
0,0,0,0,0,0,0,0,0,8.424880,7.482252,7.777101,7.543046,7.271420,7.891888,8.049830,7.743502,7.538078,25.542953,33.572328,29.648398,22.938802,44.501559,24.233860,41.184224
0,0,0,0,0,0,0,0,0,8.178006,8.151323,7.643402,7.892308,7.337940,8.094905,8.340402,7.987243,7.557516,24.865406,38.354935,22.930994,31.079951,42.285403,29.389780,50.377402
0,0,0,0,0,0,0,0,0,7.826704,7.925882,8.190411,7.379167,7.498554,7.598526,7.965648,8.535182,7.810492,22.969058,29.537676,28.962600,24.877176,32.748876,24.715272,48.660619
0,0,0,0,0,0,0,0,0,8.046919,8.196042,7.814680,7.469747,7.620050,7.690394,7.748215,7.614500,7.258939,25.763822,30.616249,24.990245,27.800481,52.254112,27.676877,47.076839
0,0,0,0,0,0,0,0,0,7.971161,7.745799,8.199682,7.567482,7.455667,9.847300,8.292233,7.699560,7.921066,25.460159,25.300165,25.124601,24.920030,33.756892,23.546585,28.925547
0,0,0,0,0,0,0,0,0,7.642554,7.939689,8.134258,7.457996,7.476117,7.516266,7.469524,7.917167,11.650486,24.544712,34.352878,25.173029,25.578727,34.396735,33.444462,44.633220
0,0,0,0,0,0,0,0,0,8.032504,8.334265,8.123559,7.732659,7.773786,7.368168,7.918043,7.841737,7.335263,30.532272,28.560087,22.977205,26.260140,117.161398,22.995687,35.838702
0,0,0,0,0,0,0,0,0,8.368184,7.893265,7.454166,7.834667,7.545023,7.867588,7.711146,7.893147,7.835183,26.002837,26.100103,24.212689,28.277369,444.117328,23.004526,39.823636
0,0,0,0,0,0,0,0,0,8.076864,7.580102,7.700164,7.691868,7.888492,7.640727,8.156332,7.600929,7.489557,46.229652,35.415149,22.933927,23.065949,47.726145,23.007411,37.527095
0,0,0,0,0,0,0,0,0,7.419420,7.574877,7.576373,8.308196,7.752047,8.661977,7.522194,7.855621,7.857496,28.295273,27.549721,25.529405,28.607551,33.992197,25.260556,47.086415
0,0,0,0,0,0,0,0,0,7.500501,7.385752,8.026639,7.537924,7.772291,8.464642,7.742830,7.669392,7.439313,28.887529,27.291340,22.956136,29.959428,30.152560,31.032646,39.354587
0,0,0,0,0,0,0,0,0,7.877867,7.729973,7.754437,7.318655,7.460398,7.763576,8.310739,8.518829,7.674787,22.955838,29.553886,23.382434,22.961183,35.652193,22.970679,35.026807
0,0,0,0,0,0,0,0,0,7.618430,7.746968,7.830235,7.711090,7.308255,8.166863,8.214022,7.493739,8.141024,22.942308,32.480417,26.185535,26.770805,37.083077,24.957280,123.056007
0,0,0,0,0,0,0,0,0,8.251173,7.414775,7.762080,7.693821,7.280584,7.762880,7.814107,7.711584,7.332274,27.117013,33.346872,27.785002,32.322913,33.799245,22.943199,41.731254
0,0,0,0,0,0,0,0,0,8.081414,8.350009,7.732305,7.745062,7.760071,7.642035,8.439816,7.562115,7.708668,22.958523,30.843801,25.626104,25.170962,31.340750,25.858526,42.628046
0,0,0,0,0,0,0,0,0,9.107930,7.482182,8.163364,7.935296,7.817300,8.087663,7.572504,7.864656,7.524924,27.663444,32.539195,23.642914,27.841310,225.095769,25.121792,35.640691
0,0,0,0,0,0,0,0,0,7.425189,7.717680,8.023950,7.357334,7.469745,8.078054,8.375449,8.274610,7.394073,25.569539,38.153032,22.965037,24.150860,47.873607,26.743122,37.394679
0,0,0,0,0,0,0,0,0,8.299225,8.186444,8.041919,7.309003,7.858810,7.731844,7.667338,7.898322,7.547336,25.802916,44.239370,26.463889,27.455562,30.749165,28.634026,42.459497
0,0,0,0,0,0,0,0,0,8.015547,8.087125,8.370699,7.680809,7.263115,8.422877,7.464747,7.850608,7.634763,24.917666,39.524666,26.841209,26.829459,43.590783,22.931339,47.168767
0,0,0,0,0,0,0,0,0,7.473604,7.453209,7.949588,8.123640,8.195778,8.578278,7.459302,7.982578,7.496262,23.021887,24.969963,24.157190,22.927418,33.756388,22.944038,31.293671
0,0,0,0,0,0,0,0,0,7.670926,7.633423,8.469565,7.690767,7.648840,8.030753,8.690088,7.401582,8.139645,25.776477,27.197833,23.791194,24.514319,32.179690,23.664966,50.872158
0,0,0,0,0,0,0,0,0,7.875133,7.364518,7.460590,7.650258,7.471784,8.638370,7.395575,7.799681,7.451599,28.335897,32.481074,22.938992,24.705415,36.308544,22.943360,37.994436
0,0,0,0,0,0,0,0,0,7.773284,7.506604,8.391076,7.728942,7.307375,8.126797,7.614485,7.456112,7.431015,31.982751,37.775892,25.720050,22.920725,49.238301,24.913133,33.558109
0,0,0,0,0,0,0,0,0,7.592365,7.710654,7.652978,7.993117,7.318268,8.447198,8.025365,7.557647,7.480472,22.994007,26.942252,22.980704,28.810734,41.071467,23.543759,31.709308
0,0,0,0,0,0,0,0,0,7.630792,7.948480,7.862823,7.672238,8.137069,8.402286,8.746605,7.544872,7.291762,22.908977,27.345773,22.939938,24.685628,35.575133,24.660730,31.735890
0,0,0,0,0,0,0,0,0,7.583241,7.604278,7.963883,7.303712,7.271056,8.076756,8.223533,7.543438,7.307781,23.761313,24.367703,29.747993,27.416114,35.322286,24.412225,32.314307
0,0,0,0,0,0,0,0,0,7.883088,8.012770,7.851121,7.348936,7.428600,7.925097,7.981952,7.749224,7.429726,23.543786,28.955540,31.111358,25.076688,38.774208,22.945342,36.922603
0,0,0,0,0,0,0,0,0,7.745682,7.661649,7.590644,7.278039,7.294331,8.290493,7.635443,7.444013,8.549768,37.692885,26.113977,24.952035,24.998868,39.254128,23.001450,37.223972
0,0,0,0,0,0,0,0,0,7.548914,7.566304,7.427197,7.885512,8.144267,7.924364,8.234888,8.345461,7.856315,22.972466,25.572554,24.748968,22.955674,131.697792,24.886059,34.008429
0,0,0,0,0,0,0,0,0,7.693834,7.810094,8.173427,7.362686,7.375383,8.095132,7.691622,7.492381,7.383505,25.268342,28.107258,31.273727,25.689089,123.988651,28.040824,33.336739
0,0,0,0,0,0,0,0,0,7.882566,7.886761,7.339487,7.770867,8.085292,8.224537,8.160494,7.527917,7.534581,31.578445,30.611830,23.023337,25.121203,33.290051,26.497399,25.964992
0,0,0,0,0,0,0,0,0,8.055911,8.392324,7.582344,7.564791,7.266835,8.031645,8.122155,7.441475,7.989242,22.924683,32.425518,23.338742,24.786609,40.207153,22.976140,39.950185
0,0,0,0,0,0,0,0,0,7.827379,7.817165,7.511179,7.522119,8.025211,7.920882,7.664371,7.501845,7.917206,26.296883,32.601947,27.340788,23.997845,31.958569,29.464436,30.201026
0,0,0,0,0,0,0,0,0,8.059826,8.086633,9.132641,7.410905,7.519725,8.808551,7.638839,7.635709,7.505315,23.655468,31.441606,27.068242,30.693234,32.394597,23.125579,34.009750
0,0,0,0,0,0,0,0,0,7.725020,7.632613,7.634859,7.666679,7.698264,8.347286,7.501780,7.876099,7.378059,29.483411,102.370071,24.934086,25.466052,41.085167,24.423614,31.990430
0,0,0,0,0,0,0,0,0,7.691072,7.948700,7.967747,7.414901,7.556871,7.710649,8.416106,8.311689,7.756494,22.966941,25.596405,22.955559,27.682329,165.078104,31.242586,36.783798
0,0,0,0,0,0,0,0,0,7.522342,7.484429,7.498895,7.468563,7.273770,7.802346,7.615855,7.440712,7.664107,22.966463,26.924456,25.196385,23.195282,36.083486,25.206116,42.438733
0,0,0,0,0,0,0,0,0,7.926046,7.768826,8.081067,7.736483,7.698164,7.849789,7.628287,7.302094,7.880212,24.598038,26.305565,25.050484,26.208719,42.561683,25.275532,35.474088
0,0,0,0,0,0,0,0,0,8.242512,7.643662,8.479153,7.447726,7.483774,8.222215,7.996914,7.441058,7.507520,32.582769,29.299063,25.336485,23.200640,41.244337,27.891933,108.664516
0,0,0,0,0,0,0,0,0,8.000702,7.838310,7.499745,7.781362,7.449540,8.066315,7.737664,7.721271,7.672797,25.459179,24.606094,24.681039,24.965642,42.616926,25.083706,252.146835
0,0,0,0,0,0,0,0,0,7.597058,7.831651,7.569425,7.565535,7.403862,7.996522,7.928649,8.075604,7.479586,22.940537,31.847066,23.014166,24.610946,33.336870,33.441286,38.618280
0,0,0,0,0,0,0,0,0,7.579840,7.451978,7.579968,7.543477,7.278961,7.870232,7.683511,7.663717,7.702439,23.033978,32.736900,25.252173,23.837089,27.167861,27.227441,48.594982
0,0,0,0,0,0,0,0,0,9.154427,7.411988,7.548429,8.100301,7.578868,7.628023,7.524051,7.585239,7.758735,25.755674,30.682033,22.911518,25.096912,237.315249,31.129141,42.333481
0,0,0,0,0,0,0,0,0,7.991260,7.664083,7.764447,8.181545,7.457941,8.169736,7.779778,7.418357,7.480642,23.381056,29.140316,22.962876,23.392862,28.336015,24.994491,34.742373
0,0,0,0,0,0,0,0,0,7.758506,7.875977,7.691206,7.522130,7.301306,8.179724,8.389456,7.559965,7.311605,23.312175,26.530588,25.109559,22.998700,36.175907,22.904339,46.757068
0,0,0,0,0,0,0,0,0,7.886199,9.263610,7.555379,8.316361,7.298544,8.118754,7.390313,7.617726,7.862138,26.246487,28.088347,25.462269,25.026752,33.293623,26.783814,41.335461
0,0,0,0,0,0,0,0,0,7.691479,7.510627,7.993630,7.744068,8.654423,7.663508,7.796607,7.730954,7.252475,25.173476,28.980956,25.064006,24.855199,38.080167,23.019762,36.286850
0,0,0,0,0,0,0,0,0,7.629363,7.439674,7.889958,8.238015,7.291878,8.390020,8.070289,7.496591,8.038356,29.551864,26.836926,26.539811,25.887434,43.425621,24.008085,43.179681
0,0,0,0,0,0,0,0,0,7.646422,8.178329,7.885601,7.404728,7.446273,7.975003,7.347909,8.116316,7.477125,37.786475,108.861302,24.649499,26.020240,39.588208,22.935052,110.305749
0,0,0,0,0,0,0,0,0,7.770820,7.790544,7.837855,7.291906,7.265149,7.986065,7.718806,8.081316,7.374637,22.921222,26.186476,26.538929,30.210728,37.225440,22.981936,35.978612
0,0,0,0,0,0,0,0,0,7.576327,7.807051,7.701582,7.520122,7.425752,8.659605,7.621352,8.052593,8.074413,27.259214,36.562854,25.084935,25.718062,38.918395,25.006996,39.450997
0,0,0,0,0,0,0,0,0,7.822622,7.762786,8.231198,7.385873,7.534810,7.791040,8.084970,7.850759,7.830186,23.773822,33.504685,22.943607,27.110302,52.333296,25.894403,115.365799
0,0,0,0,0,0,0,0,0,7.441499,8.216383,8.613448,7.452640,7.508426,7.719309,7.776350,7.598295,7.283210,27.326555,25.057800,29.178748,24.602509,31.037081,24.772641,34.976664
0,0,0,0,0,0,0,0,0,7.849906,7.438094,7.875539,7.733498,7.628232,7.726027,7.673362,7.344078,8.065724,33.749644,27.595611,22.932148,23.794968,139.671870,25.307297,28.580290
0,0,0,0,0,0,0,0,0,8.545266,7.432610,7.413417,7.281384,7.484205,8.600020,8.086514,8.208639,7.674276,23.656724,25.349067,24.658424,23.012343,43.089099,26.518726,30.344963
0,0,0,0,0,0,0,0,0,8.222296,7.796355,7.486643,7.521105,7.456982,8.461961,7.649263,7.291963,7.291232,29.068127,33.010881,25.241278,22.972292,26.604115,27.534322,32.147595
0,0,0,0,0,0,0,0,0,7.801609,7.989517,8.080256,8.051528,7.459172,8.483229,7.317129,7.955254,8.183115,24.849361,29.079453,22.963612,24.628745,34.048858,26.668880,144.643275
0,0,0,0,0,0,0,0,0,8.123358,7.395632,7.958968,8.048017,7.765071,7.774721,8.090526,7.621245,7.656397,26.388976,30.772115,22.961451,22.930475,36.150520,27.558266,47.697783
0,0,0,0,0,0,0,0,0,7.872689,7.525072,8.332534,7.548398,7.279439,8.532462,9.386026,7.431230,7.506233,25.772147,29.621763,28.296618,24.847723,47.575269,25.301325,27.776838
0,0,0,0,0,0,0,0,0,8.288409,7.766215,10.244662,7.544380,7.326555,8.165767,7.735975,7.644916,8.260441,24.251511,33.553629,24.794140,27.959651,32.770166,22.945252,37.536060
0,0,0,0,0,0,0,0,0,7.823416,7.431741,8.081662,7.593761,8.662058,7.483080,7.741945,7.378535,7.355461,22.921144,35.502741,28.936384,26.249936,28.277466,23.303106,46.190037
0,0,0,0,0,0,0,0,0,7.811402,7.319126,7.707232,7.662687,7.263210,8.419531,7.646902,7.411264,7.527779,26.132078,37.301686,22.975378,24.995513,42.543113,26.945717,41.928815
0,0,0,0,0,0,0,0,0,8.137009,7.832358,7.856429,7.584263,7.607216,7.699004,7.835402,8.076061,7.481152,25.248992,35.830063,22.983287,25.091652,37.011015,26.301984,34.126375
0,0,0,0,0,0,0,0,0,7.685373,7.400918,7.512909,7.533016,7.558239,7.713235,8.414146,7.787648,7.851926,28.224946,25.901803,23.003685,24.856209,43.924669,22.985294,49.513003
0,0,0,0,0,0,0,0,0,7.650594,8.194352,7.968793,7.479359,7.348205,7.925129,8.030651,7.860564,7.590495,25.118305,32.501629,25.595965,24.910166,35.614984,25.046071,45.806723
0,0,0,0,0,0,0,0,0,8.960574,7.554600,8.586543,7.803354,7.293240,8.299807,7.443308,8.675654,8.274638,32.176985,28.549088,26.050825,27.820235,47.621127,24.548227,47.093558
0,0,0,0,0,0,0,0,0,8.135953,8.015709,7.775995,7.886301,8.369075,8.116476,7.842486,7.815999,7.691913,24.924541,134.115958,22.990338,44.522585,123.355869,26.430430,120.819802
0,0,0,0,0,0,0,0,0,7.602923,7.366550,7.806103,8.335849,7.921197,8.009352,7.631583,7.485878,7.411210,25.660227,38.128412,22.937268,27.013953,39.772645,31.256025,33.443760
0,0,0,0,0,0,0,0,0,8.583541,7.477725,7.829641,8.181862,7.390713,7.715207,7.582995,7.875768,7.424829,32.802245,26.323546,28.773466,24.370033,32.507530,23.607776,129.267198
0,0,0,0,0,0,0,0,0,7.907758,7.286923,8.596880,7.654109,7.344462,8.263780,7.459804,7.486209,8.135461,26.530298,28.472976,24.578301,24.003953,34.853506,26.034090,121.126664
0,0,0,0,0,0,0,0,0,7.871168,7.665672,7.446603,7.594827,7.457998,8.156231,7.814891,7.612705,7.396602,29.484595,28.917374,28.201553,28.083397,107.698673,28.893532,32.789680
0,0,0,0,0,0,0,0,0,7.360863,7.766394,7.534440,7.702574,7.288263,8.179945,7.858541,7.968358,7.578711,22.969915,24.533189,22.994335,33.403664,37.604158,30.118600,106.335102
0,0,0,0,0,0,0,0,0,8.417771,7.940982,7.445456,7.471421,7.409892,8.159589,7.455102,7.990366,8.041920,27.639990,31.323544,26.970622,30.935234,31.693998,24.795529,98.657790
0,0,0,0,0,0,0,0,0,7.649933,8.146411,15.339828,7.652123,7.637297,7.470296,7.577969,7.581137,7.721236,23.617653,35.312829,22.952557,23.834452,38.481877,28.190195,34.736246
0,0,0,0,0,0,0,0,0,8.328621,8.341023,8.231355,7.613836,7.889938,8.015100,9.302252,7.424922,7.915173,23.952287,32.411421,27.284098,24.507466,47.051643,25.077835,37.853956
0,0,0,0,0,0,0,0,0,7.857767,7.516287,7.912777,7.602993,10.211438,7.615989,9.490436,7.322733,7.686836,26.182387,29.098384,22.971251,30.261289,38.510472,22.979308,31.956311
0,0,0,0,0,0,0,0,0,7.498981,7.403999,7.974107,7.622845,7.329287,8.069041,7.565465,7.658480,7.938812,24.456915,25.176305,25.747298,23.958455,113.982969,30.389189,32.754557
0,0,0,0,0,0,0,0,0,7.445316,8.313989,8.126730,8.000899,7.520636,8.280381,7.820055,7.395937,7.537856,22.949241,28.147056,22.994798,22.952587,34.181524,32.016067,38.922011
0,0,0,0,0,0,0,0,0,7.661634,7.752432,8.185620,7.576670,7.484294,7.631253,7.724724,7.667034,7.276907,24.712394,31.248014,23.753259,25.224696,32.019652,27.594357,238.344397
0,0,0,0,0,0,0,0,0,7.820832,7.693264,7.270036,7.725601,7.799219,8.184501,7.658981,7.681079,7.343115,28.649655,33.273348,26.319255,24.088583,113.241870,25.523736,226.375688
0,0,0,0,0,0,0,0,0,7.601955,7.970623,7.493511,7.446677,7.275763,7.846643,8.415777,7.558226,7.528981,22.932788,30.229467,25.041430,24.930420,40.255029,22.911787,105.015514
0,0,0,0,0,0,0,0,0,8.221351,7.821871,8.226649,7.291558,7.424182,8.556790,8.177277,7.703574,7.534525,22.952480,28.358332,26.454926,32.567649,39.415003,28.613593,33.127035
0,0,0,0,0,0,0,0,0,7.626217,8.117704,8.009322,7.637635,7.800145,7.560174,8.401847,7.828155,7.345791,22.924860,27.206980,28.950179,24.881172,53.884303,23.058690,46.055098
0,0,0,0,0,0,0,0,0,8.134982,8.947739,8.537487,8.067700,7.523520,7.875270,7.749943,7.683211,7.586133,24.907381,28.532566,23.561949,30.507350,43.216493,24.082429,44.142845
0,0,0,0,0,0,0,0,0,7.885014,8.072014,8.357189,7.553165,7.338202,8.574884,8.154019,7.435680,7.292467,30.297485,30.115979,22.940234,25.948533,50.601840,24.473627,32.956658
0,0,0,0,0,0,0,0,0,7.810881,7.547205,7.688269,9.477315,7.296541,7.980566,8.596736,7.618179,8.059677,25.329022,35.248444,24.757130,39.445024,102.838730,22.958176,34.487004
0,0,0,0,0,0,0,0,0,8.282274,7.625056,7.911009,7.820195,7.603802,8.212536,7.953654,7.577118,7.567930,24.614854,27.200070,24.319404,27.866957,146.876624,23.974984,53.078893
0,0,0,0,0,0,0,0,0,8.400829,7.353089,8.091925,7.394135,7.440629,7.886242,8.140389,7.939379,7.505204,22.955225,29.482438,28.676037,24.018432,50.599010,25.013239,34.439318
0,0,0,0,0,0,0,0,0,7.917881,7.351207,8.538610,7.791786,8.164710,8.200754,7.517628,7.548876,7.274209,24.534358,30.363837,26.357120,24.001381,37.419201,22.946296,35.443477
0,0,0,0,0,0,0,0,0,7.751101,8.724309,7.438070,7.703312,7.331138,7.876086,8.076019,8.060564,7.554145,22.949812,26.215571,22.975726,25.063801,36.135263,26.942635,30.362593
0,0,0,0,0,0,0,0,0,7.612556,7.628788,7.559476,7.291929,7.894288,8.361963,7.742892,7.474602,7.710989,26.300243,36.520764,24.123118,28.190896,113.131935,25.933831,27.396318
0,0,0,0,0,0,0,0,0,7.985740,7.811651,8.799399,7.269435,7.530144,8.040718,8.056363,7.732152,7.464905,22.959290,27.170101,32.004926,27.316590,32.974665,25.213287,27.051574
0,0,0,0,0,0,0,0,0,7.796921,7.586954,7.783136,7.450895,7.462962,7.904116,8.145323,7.587574,8.469062,26.435262,29.659540,25.370747,25.631319,40.975878,22.933877,49.202322
0,0,0,0,0,0,0,0,0,7.663140,8.263319,7.818392,7.843838,7.342716,7.649040,7.710215,7.542991,7.452834,23.165260,33.626572,22.984943,24.172874,30.557735,26.381187,34.245210
0,0,0,0,0,0,0,0,0,7.972125,7.570596,7.856696,7.365961,7.256401,7.802862,8.844424,7.634179,7.487978,25.666655,25.122193,22.961949,24.955269,142.668393,25.857941,38.720822
0,0,0,0,0,0,0,0,0,8.109191,8.434851,7.641779,7.585967,7.445179,8.636243,7.792365,7.891675,7.846458,23.142057,29.901913,32.798852,25.654138,32.677855,27.557365,43.304477
0,0,0,0,0,0,0,0,0,7.779073,7.699322,7.625177,7.263700,7.504828,7.949213,7.803028,7.800949,7.526824,28.521712,25.556845,25.462571,31.044946,35.925214,30.614485,33.365064
0,0,0,0,0,0,0,0,0,7.640671,7.813793,7.927171,8.080416,7.678278,8.455911,8.566944,8.136161,7.423962,25.318818,29.900286,23.999992,24.703448,106.406765,22.942104,36.038077
0,0,0,0,0,0,0,0,0,9.613488,7.710542,7.697500,7.711510,7.404761,8.866172,8.068136,7.331273,7.381958,31.219266,36.140404,23.697085,26.471415,41.284588,23.719733,42.157645
0,0,0,0,0,0,0,0,0,8.008612,7.543550,8.197754,7.468532,7.810661,8.047935,8.422563,7.826750,8.143741,23.048562,27.648498,22.955325,26.037797,38.326462,22.942427,46.393000
0,0,0,0,0,0,0,0,0,7.944937,7.466082,7.608369,7.657401,7.285885,7.970953,7.900536,7.652890,7.711998,25.110641,29.264814,24.249180,25.247729,32.357436,26.073672,41.784104
0,0,0,0,0,0,0,0,0,7.955089,7.601176,7.679744,7.340379,7.288596,7.900511,7.557536,8.251842,7.682471,23.852291,23.800777,31.256054,26.922916,34.926222,24.310039,30.942591
0,0,0,0,0,0,0,0,0,10.151035,7.820020,7.409236,7.457154,7.295568,8.184984,7.917794,7.350205,7.734419,31.832762,27.979762,23.182772,24.510129,37.538686,29.193956,31.412038
0,0,0,0,0,0,0,0,0,9.348454,7.963362,7.375363,8.174599,8.141345,7.579214,8.266474,7.801090,8.405153,25.460008,23.874680,25.317654,32.670843,46.978610,25.156612,32.098596
0,0,0,0,0,0,0,0,0,8.544884,7.709796,7.625361,7.524141,7.832886,7.983699,8.460147,11.041399,7.323533,26.370398,32.196593,22.911497,30.638229,36.565303,24.025145,40.865713
0,0,0,0,0,0,0,0,0,7.411292,8.689034,7.979357,7.606512,7.416441,7.605054,8.656190,8.254198,7.367720,24.164812,26.523926,24.424721,24.596347,52.275066,22.983641,101.257518
0,0,0,0,0,0,0,0,0,7.923799,7.678207,8.403880,7.792240,7.578526,7.781891,7.781563,7.620816,7.645304,24.931071,28.717914,25.346032,22.970629,259.832247,28.017093,38.982152
0,0,0,0,0,0,0,0,0,7.817357,8.636398,7.527513,7.722295,8.061257,8.241421,8.134470,7.820943,7.341530,24.690478,24.636257,22.983510,27.649456,49.439491,22.977442,30.263999
0,0,0,0,0,0,0,0,0,8.027276,8.398503,8.145751,8.185984,7.284127,8.293368,7.903374,8.115448,7.833571,34.203550,31.222052,24.827427,24.582163,52.831882,22.957562,33.030602
0,0,0,0,0,0,0,0,0,8.930426,8.117878,7.724913,7.493019,7.402493,7.321430,8.393030,7.932257,7.797205,22.970150,32.148661,28.573451,23.547931,34.533828,24.371326,46.739519
0,0,0,0,0,0,0,0,0,7.753127,7.634077,7.447501,7.610734,7.399793,9.138458,7.633117,7.267782,7.813378,28.289242,31.302073,22.963044,24.923099,29.054711,25.368352,35.917054
0,0,0,0,0,0,0,0,0,7.644684,7.320402,7.427710,7.498775,7.788800,8.111553,7.760180,7.594829,7.322760,23.584213,33.798306,25.646851,24.827501,241.038633,26.775890,50.239326
0,0,0,0,0,0,0,0,0,7.522028,8.102088,8.462934,7.622174,7.599438,7.670685,7.625389,8.479238,7.680664,23.731135,23.055480,22.965502,32.322435,33.993021,23.005039,115.607404
0,0,0,0,0,0,0,0,0,7.849627,7.852310,7.755717,7.294999,7.446589,8.459138,8.249022,7.538208,8.344842,23.887374,32.846409,25.356595,27.005325,45.743348,34.839693,28.209758
0,0,0,0,0,0,0,0,0,8.239006,7.732039,7.752106,8.306820,7.753416,8.434459,8.375260,7.437938,7.744368,27.242839,25.738513,24.270194,28.466352,36.427705,22.989449,48.438194
0,0,0,0,0,0,0,0,0,7.879962,8.007619,8.428888,7.630473,7.329618,7.957733,7.723182,7.449079,7.837224,23.473801,24.019615,23.967423,24.661877,45.132568,30.281150,39.338513
0,0,0,0,0,0,0,0,0,7.813546,7.659333,8.187838,7.532605,7.584783,7.749815,7.821846,7.984600,7.420144,27.265946,26.526993,26.242165,25.754632,849.349324,24.900497,38.939676
0,0,0,0,0,0,0,0,0,8.570975,7.494443,8.054864,7.560425,7.320612,7.408164,8.162565,7.877859,8.096856,23.006825,29.379590,23.068210,23.109410,94.493993,27.405953,30.646693
0,0,0,0,0,0,0,0,0,7.599110,7.614271,7.753819,7.588876,7.289138,7.939483,7.433766,7.897377,7.532253,23.519054,23.878082,24.993226,24.712492,44.574952,22.972874,32.701260
0,0,0,0,0,0,0,0,0,7.730402,7.818745,7.885299,7.699528,8.079728,8.226242,7.684628,7.328347,7.613058,22.933415,28.685920,22.961505,23.207747,34.166057,24.630285,33.904270
0,0,0,0,0,0,0,0,0,7.632827,7.419348,8.082040,7.465899,7.302911,8.016042,8.295079,8.256387,7.853596,23.833475,26.489439,23.803207,24.615245,41.319973,22.999628,26.814007
0,0,0,0,0,0,0,0,0,7.542679,7.621003,7.653800,7.717229,7.667867,8.148702,7.893953,7.841185,8.125573,26.129023,29.959445,25.386036,26.203978,37.450695,30.991245,28.975231
0,0,0,0,0,0,0,0,0,7.496017,7.642882,8.980978,7.457460,7.709708,8.147554,8.619563,7.892607,7.700640,33.791984,25.364174,25.250220,24.107787,44.740403,24.127462,34.104883
0,0,0,0,0,0,0,0,0,7.622469,7.465511,8.628055,8.356231,8.108520,7.758401,7.667935,7.724481,7.520144,25.861974,28.005279,33.108256,25.844783,47.978126,40.609951,222.394404
0,0,0,0,0,0,0,0,0,7.747508,7.655234,8.649944,7.537860,7.693748,8.085747,8.133414,7.777683,7.989900,24.405405,24.167528,29.789160,23.011701,101.840397,23.994251,29.277240
0,0,0,0,0,0,0,0,0,7.984998,7.522079,7.580353,7.532166,7.855382,7.810366,7.460111,8.064878,7.320788,29.757934,25.233841,25.328868,25.852874,117.854869,27.763098,38.484622
0,0,0,0,0,0,0,0,0,8.053353,7.745559,7.618969,7.487952,7.260514,7.878422,7.846361,7.439589,7.321187,23.343647,29.180955,23.023928,26.559819,42.302649,22.966538,260.224016
0,0,0,0,0,0,0,0,0,8.150491,7.431950,7.893472,7.319858,7.749539,7.953334,7.947349,7.732858,7.320116,24.489517,29.672165,22.997464,32.708479,46.163696,29.644416,374.322187
0,0,0,0,0,0,0,0,0,8.753298,7.272180,7.719638,7.481969,7.791088,8.518772,7.913320,7.862100,7.728519,24.742881,32.593744,25.171651,32.284730,42.659153,24.771162,25.800974
0,0,0,0,0,0,0,0,0,7.737117,7.431257,7.752210,7.269652,7.530063,8.227736,7.639823,7.538038,8.135952,26.481616,34.465479,25.198144,27.314294,50.699615,26.197844,48.765414
0,0,0,0,0,0,0,0,0,8.001655,7.486973,7.551295,7.275527,7.533061,7.718919,7.747468,7.730293,8.786322,26.294903,30.945625,22.983736,24.846015,44.517608,23.009366,45.839095
0,0,0,0,0,0,0,0,0,8.004842,8.005413,7.612544,7.476372,7.831119,8.026124,7.731287,8.248322,7.544905,22.984259,35.756207,0,25.020134,641.505341,27.169799,49.384034
0,0,0,0,0,0,0,0,0,7.718476,7.523295,8.374801,7.931970,7.737210,8.096593,7.815720,7.723442,7.613822,23.297692,25.086279,23.341131,27.444336,147.040617,25.305117,47.568166
0,0,0,0,0,0,0,0,0,7.741293,8.070005,8.290730,7.300796,7.765378,8.451048,7.651193,7.772472,7.567085,26.276440,28.981723,24.294265,23.487811,48.228596,30.204498,36.543332
0,0,0,0,0,0,0,0,0,8.275850,7.863911,7.819714,7.370986,7.410688,7.865270,8.004818,7.478758,7.287423,22.964271,29.071138,24.371452,28.087669,50.263171,22.939256,281.736015
0,0,0,0,0,0,0,0,0,7.650355,7.675384,7.569661,7.493634,8.198359,7.925837,7.809966,7.789951,7.876601,31.995336,34.680868,24.404678,24.242786,113.591629,25.858540,215.780702
0,0,0,0,0,0,0,0,0,8.108572,7.950369,7.879090,7.268901,7.291084,7.486793,7.780124,7.561959,7.269671,23.012090,37.857393,27.205486,24.741174,48.347763,25.020951,120.303129
0,0,0,0,0,0,0,0,0,7.568575,7.401807,8.007118,7.294736,7.375097,7.883616,8.648890,7.610106,8.217815,23.720564,27.968785,22.989871,25.128752,36.159730,26.289630,127.190768
0,0,0,0,0,0,0,0,0,9.115883,7.746623,7.736663,8.015784,7.748113,8.067633,7.726059,7.860045,7.251737,23.021925,34.379135,23.093157,23.432133,113.052204,24.149245,46.916686
0,0,0,0,0,0,0,0,0,7.905781,7.316432,8.616010,7.581318,7.334544,7.978244,7.924572,9.613439,7.783042,25.328841,23.627344,22.974275,27.978832,36.322169,22.994692,106.182084
0,0,0,0,0,0,0,0,0,7.940269,7.932089,8.112640,7.505820,7.294129,7.758189,8.954852,7.767924,7.941859,23.009350,36.579773,25.429928,23.944024,269.388490,25.262678,43.564813
0,0,0,0,0,0,0,0,0,8.377685,7.655041,7.322513,7.378026,7.328921,8.389619,7.733918,8.223415,7.698589,24.024258,34.314496,33.326732,28.820315,232.081494,29.985948,44.208901
0,0,0,0,0,0,0,0,0,7.455229,7.839203,8.069159,7.688438,7.393355,8.092255,7.620478,7.631565,7.651288,22.997417,35.852724,33.045255,33.961351,32.188957,25.626974,47.943908
0,0,0,0,0,0,0,0,0,8.244148,7.970945,8.602610,7.261032,7.563413,8.515985,8.155321,7.594267,7.608069,22.940074,25.654677,22.959576,25.601641,32.092631,27.747854,46.250854
0,0,0,0,0,0,0,0,0,7.672662,7.859432,7.566980,7.546120,7.672647,7.800476,8.347753,7.738200,7.300476,32.487513,25.734750,23.349020,22.991888,33.594225,22.958888,30.799055
0,0,0,0,0,0,0,0,0,7.443699,7.595703,7.820639,7.443203,7.291376,8.238544,7.456202,7.857614,7.500481,26.122583,31.294126,22.937088,25.035444,38.813317,26.009124,228.537480
0,0,0,0,0,0,0,0,0,8.669927,7.767951,8.162112,7.296219,7.343499,9.556462,7.918354,7.685422,8.035128,25.075625,37.259080,22.897916,26.037125,33.862889,27.751186,109.785919
0,0,0,0,0,0,0,0,0,8.002111,7.471521,7.506138,7.889814,7.606232,8.253611,8.163100,7.867815,7.869816,25.896380,31.890707,22.990441,22.973853,32.800111,28.874449,39.003153
0,0,0,0,0,0,0,0,0,7.509126,7.769922,7.543071,7.408275,7.682057,7.635724,7.300558,8.199415,8.305818,23.891592,24.849176,25.231622,23.010184,43.405453,25.945979,37.469027
0,0,0,0,0,0,0,0,0,7.821615,7.619048,8.046045,7.662167,7.886326,8.153150,7.616292,7.497737,7.530932,22.996130,27.632304,22.971826,24.364907,135.091485,24.027643,137.321075
0,0,0,0,0,0,0,0,0,7.769203,7.482765,7.502161,7.583153,7.585587,8.108343,8.294349,7.808916,7.519533,33.712348,28.591807,24.756671,26.849295,670.715359,25.011486,34.571129
0,0,0,0,0,0,0,0,0,7.635965,7.436153,7.899967,7.685986,7.287959,8.415318,7.917458,7.796628,8.054303,26.456084,32.218205,24.734138,23.527112,49.657163,24.898337,125.883531
0,0,0,0,0,0,0,0,0,8.076759,7.745999,8.296972,7.607043,7.483964,7.643036,7.783738,7.307462,8.112695,25.051832,31.551427,24.106009,25.193003,49.570541,25.482843,36.648473
0,0,0,0,0,0,0,0,0,8.343179,7.861060,7.587670,7.497990,7.527222,8.824568,7.723796,7.487283,7.921441,24.272375,37.303138,26.664015,25.922209,291.634786,24.057069,30.643973
0,0,0,0,0,0,0,0,0,7.924032,7.827335,7.442665,7.459961,8.265577,7.632116,7.743881,7.318149,7.999610,25.074297,27.699423,25.858301,23.911136,38.826289,30.827722,30.793089
0,0,0,0,0,0,0,0,0,8.334307,7.506274,8.012194,7.748759,7.599738,8.148921,7.656262,7.784996,7.496868,25.059926,28.486755,25.724050,24.134559,110.113226,23.009861,43.154576
0,0,0,0,0,0,0,0,0,7.593237,7.495127,7.640531,7.370193,7.558930,7.537160,8.413014,7.787713,7.898548,25.866648,27.648660,23.885106,24.862322,26.996957,22.995294,140.454833
0,0,0,0,0,0,0,0,0,7.671678,7.693398,8.244452,7.529494,8.011482,8.185801,7.669757,7.638972,8.778908,23.691932,28.739706,23.569030,28.609411,33.008267,27.324751,39.160510
0,0,0,0,0,0,0,0,0,7.656697,7.941069,7.376626,7.711187,7.482723,7.956630,7.545573,8.148122,7.497968,22.999999,34.909094,24.381340,24.127156,34.398523,24.024951,105.950298
0,0,0,0,0,0,0,0,0,7.807499,7.684274,7.712591,7.860582,7.543757,7.551391,7.965279,7.471482,8.073354,22.948944,25.157737,25.671772,25.589383,40.320032,34.497779,40.339227
0,0,0,0,0,0,0,0,0,7.455308,7.959655,7.650225,7.580839,8.297807,8.078600,8.031084,7.745974,7.460352,26.988325,31.922360,28.159494,22.967971,29.368940,26.554237,49.657151
0,0,0,0,0,0,0,0,0,8.017582,7.489729,8.175768,7.290856,7.779250,8.891737,7.859545,8.176691,7.456035,25.236545,29.618149,22.964134,24.867516,34.518572,23.143165,44.947106
0,0,0,0,0,0,0,0,0,8.124264,8.051726,7.888419,7.292590,7.886654,7.931225,7.858702,7.461042,7.461523,26.231434,27.091278,24.039101,22.932574,41.224846,23.797760,40.647437
0,0,0,0,0,0,0,0,0,7.489998,7.351133,7.877651,7.714469,7.588722,8.579992,7.548340,8.119369,7.475076,26.403675,26.783462,25.762473,23.657601,35.485085,22.968844,44.629355
0,0,0,0,0,0,0,0,0,8.206883,7.747482,10.072941,7.725596,7.907883,8.624755,7.971266,7.429064,10.968702,25.725813,29.729500,26.640089,27.934727,34.968756,23.829039,30.682061
0,0,0,0,0,0,0,0,0,7.988991,7.551698,8.011521,7.518877,7.749995,7.887869,7.749096,8.081115,7.462642,24.256870,38.904348,25.032764,25.867100,32.848469,31.665808,38.792812
0,0,0,0,0,0,0,0,0,8.576042,7.757538,7.454189,7.543722,7.487247,8.801974,8.438598,8.089513,7.468121,36.896386,24.989018,24.862831,23.401673,40.225733,24.587950,37.740343
0,0,0,0,0,0,0,0,0,7.996729,8.306933,7.607235,7.535324,7.779458,8.351299,7.892509,7.642553,7.468898,22.955421,26.145019,22.948457,24.266867,106.691036,24.509134,42.459095
0,0,0,0,0,0,0,0,0,7.672921,7.296893,7.656107,7.430535,7.774574,7.926880,7.966116,7.533632,7.484084,22.920093,31.089309,37.601843,24.493944,140.626367,22.920762,50.457172
0,0,0,0,0,0,0,0,0,7.395873,8.067963,7.580072,7.367793,7.618697,8.096376,7.984631,7.450687,7.325242,22.995042,25.181680,29.057822,23.007224,31.093039,26.021689,39.496104
0,0,0,0,0,0,0,0,0,7.863771,7.771539,8.277948,7.435932,7.753536,7.399762,7.655348,7.369487,7.300646,26.653506,31.901767,22.948550,23.556917,113.158169,22.975429,35.582891
0,0,0,0,0,0,0,0,0,8.073238,7.877703,7.313897,7.598504,7.294948,7.797603,8.072677,7.826681,7.464483,26.961629,24.154204,23.371406,26.714304,32.754212,27.791312,233.502049
0,0,0,0,0,0,0,0,0,7.743649,8.193995,7.433096,7.276196,7.489225,7.649873,7.666041,9.167698,7.942654,27.305040,30.483899,22.956073,27.571115,142.585961,28.790464,142.991246
0,0,0,0,0,0,0,0,0,7.619953,7.655598,7.639740,7.381033,7.573166,7.981716,8.053799,7.830470,7.573775,24.959053,33.781483,23.717860,22.934436,45.293083,31.545631,130.838522
0,0,0,0,0,0,0,0,0,8.093355,8.661367,7.865839,8.120756,7.462332,8.133455,8.384563,7.620327,7.635943,28.881321,25.454588,25.244104,26.400632,141.080413,23.994366,33.652103
0,0,0,0,0,0,0,0,0,8.222699,7.547943,7.866894,7.948742,7.279663,7.883107,7.522555,7.743835,7.620209,24.619552,28.893896,24.471393,35.916755,29.702158,22.952077,101.092925
0,0,0,0,0,0,0,0,0,7.645717,8.088052,7.672802,7.451773,7.286095,7.652755,7.656143,7.748516,7.498695,24.242871,26.959472,23.010642,24.965393,40.452530,27.223340,105.363726
0,0,0,0,0,0,0,0,0,8.014925,7.714624,7.446419,8.266327,7.939885,7.808705,8.909875,7.563627,7.284058,22.990964,42.457534,26.747128,26.729048,39.625975,42.331639,222.819943
0,0,0,0,0,0,0,0,0,7.509461,7.819201,7.593401,7.856008,7.682876,8.240659,8.160559,7.639933,7.406474,24.913834,32.520687,25.889506,24.771285,40.931729,22.939822,39.915277
0,0,0,0,0,0,0,0,0,8.708944,7.274899,7.286034,7.856377,7.906158,8.142916,7.533564,7.399785,7.636023,26.284399,30.712725,25.055718,23.789493,43.153080,25.671810,32.665079
0,0,0,0,0,0,0,0,0,7.931365,7.460428,7.920495,7.618769,7.648908,7.523158,7.725078,7.783127,7.571550,23.062078,28.672011,23.050027,30.709458,394.124266,30.000291,39.155082
0,0,0,0,0,0,0,0,0,7.521586,7.565113,8.556703,7.531757,7.297869,8.373920,8.509054,8.172445,7.541844,22.955306,29.150102,22.993468,22.964533,33.188192,24.288354,36.702591
0,0,0,0,0,0,0,0,0,7.470871,7.578734,9.704839,7.669629,7.736457,7.933795,8.795254,7.928319,7.461961,24.999093,42.249464,29.174226,22.999591,34.748287,26.101622,46.717373
0,0,0,0,0,0,0,0,0,7.629718,7.553850,7.884547,7.507712,8.197534,8.539240,8.011541,7.717744,7.579440,24.921719,26.458034,23.019828,24.024567,234.241149,25.224448,51.772963
0,0,0,0,0,0,0,0,0,7.486310,8.004952,7.579358,7.743247,7.429512,7.638517,7.644404,7.911051,7.905215,24.858188,31.998421,22.951861,28.443949,41.860355,22.947252,33.085442
0,0,0,0,0,0,0,0,0,7.888246,7.294697,7.796289,7.538941,7.388969,9.858265,8.353151,7.850910,7.366119,35.530799,38.993465,22.973377,25.782012,109.901547,27.356955,37.584676
0,0,0,0,0,0,0,0,0,7.764877,7.739695,8.426153,7.485206,7.880943,7.939227,8.693743,7.837068,7.474879,25.123950,27.404091,22.938533,25.628587,244.435926,30.273111,31.354670
0,0,0,0,0,0,0,0,0,7.669183,7.802604,8.660386,8.019769,7.924516,7.720302,7.760312,7.502510,7.560202,25.762961,30.178082,22.968339,24.225895,34.171895,24.536559,32.337416
0,0,0,0,0,0,0,0,0,8.017785,8.538329,7.609126,8.169519,7.533637,8.083431,7.861333,8.252774,7.512958,25.663705,27.421843,27.124504,24.020688,35.960935,25.599168,37.958466
0,0,0,0,0,0,0,0,0,7.998039,7.796332,7.505110,7.923605,7.545662,7.804710,7.594101,8.036380,7.728317,25.678726,37.997716,22.980155,24.289436,107.914814,26.267913,121.305695
0,0,0,0,0,0,0,0,0,8.366284,9.197078,7.512818,7.645219,7.915968,8.702201,8.169224,7.617392,7.631852,22.964811,27.804929,34.617359,24.676345,44.028426,24.556002,29.643193
0,0,0,0,0,0,0,0,0,7.753681,7.756369,8.185581,7.589833,7.700628,7.983210,7.572149,9.068383,7.547077,27.587481,27.096110,22.951591,22.931456,41.894761,25.010751,38.704244
0,0,0,0,0,0,0,0,0,7.529030,7.654431,7.505386,7.953803,7.440767,7.769376,8.141577,7.536833,7.638266,27.051644,28.742444,25.721121,26.663964,33.932738,25.227204,51.343630
0,0,0,0,0,0,0,0,0,7.904025,8.234591,7.793584,7.280816,7.572588,8.839045,7.529246,7.541025,7.459527,26.278242,36.734161,25.108038,22.942979,256.990452,22.922076,47.056683
0,0,0,0,0,0,0,0,0,7.687200,7.582998,8.452539,8.064631,7.642932,9.308898,7.982818,7.911270,7.986214,26.111788,37.395456,25.024638,23.434648,138.077085,24.542445,36.398508
0,0,0,0,0,0,0,0,0,8.092677,7.599965,8.192836,7.281455,7.695835,8.071982,7.949796,7.760368,7.896266,22.935232,32.134933,25.058008,26.939131,49.842532,22.962892,29.342727
0,0,0,0,0,0,0,0,0,7.654761,8.395793,8.447053,7.977311,7.649144,8.624031,8.233065,7.845682,7.876687,24.011223,27.367198,23.182708,26.028646,141.416929,27.811272,228.208584
0,0,0,0,0,0,0,0,0,7.974956,7.737288,8.039094,8.065795,7.740098,7.995724,7.723351,7.800497,8.151740,25.492741,28.554332,29.330912,25.799153,39.521961,23.837296,37.126051
0,0,0,0,0,0,0,0,0,7.686937,7.284698,7.678022,7.760334,7.891801,8.198690,7.717884,7.621013,7.412625,22.995517,31.807335,28.852349,25.020953,31.568337,24.016744,110.201762
0,0,0,0,0,0,0,0,0,8.064516,8.605745,8.298640,7.527991,7.727220,8.047796,7.685479,7.806742,8.136112,24.323265,24.121245,25.217318,31.172958,49.538446,24.134969,36.767276
0,0,0,0,0,0,0,0,0,7.942760,7.832967,8.333936,7.272843,7.470800,8.711715,8.204921,7.973666,7.439340,24.308624,31.917148,22.927223,25.219396,33.699877,26.998539,423.847458
0,0,0,0,0,0,0,0,0,8.250678,7.688131,7.672780,7.539394,7.463067,8.306287,7.878910,7.933600,7.361392,31.666901,49.685636,22.928113,25.904970,29.492399,28.464544,124.522939
0,0,0,0,0,0,0,0,0,8.307811,7.901586,8.006965,7.859341,7.361280,7.674435,7.732987,7.790265,7.467736,26.978288,28.791080,28.062504,24.777075,44.619287,28.429926,608.599516
0,0,0,0,0,0,0,0,0,7.629662,7.679926,7.697291,7.303842,8.360430,7.747510,7.755938,7.907121,7.335657,23.965498,27.998037,23.657265,26.579535,42.182935,23.656061,45.892961
0,0,0,0,0,0,0,0,0,7.771544,7.657384,7.822259,7.267857,7.395777,7.796104,7.466138,8.704928,7.670072,23.535365,38.574475,22.996141,24.842567,26.415781,29.059251,37.254080
0,0,0,0,0,0,0,0,0,7.612253,7.275221,7.450076,7.485041,8.498160,7.747833,8.128077,7.471738,7.893474,28.544770,33.617044,24.589364,22.991794,35.738295,27.218736,33.986612
0,0,0,0,0,0,0,0,0,8.208153,7.736789,7.953696,7.607452,7.585338,7.626876,7.591267,7.548848,8.006086,26.059013,34.043740,25.537474,26.780835,280.773236,23.921738,407.805160
0,0,0,0,0,0,0,0,0,8.185106,7.917714,7.595255,8.616071,7.632733,7.714898,7.325554,7.636117,7.745355,25.377702,26.825670,31.783656,27.526479,671.224928,25.788816,37.615358
0,0,0,0,0,0,0,0,0,7.941361,7.462702,7.809179,7.432816,7.830521,8.842472,8.576670,7.375871,7.449100,29.247118,34.672289,25.765801,23.002582,32.499058,28.904581,44.579815
0,0,0,0,0,0,0,0,0,7.781845,8.154366,7.659887,7.477912,7.298149,7.920586,8.061497,7.501848,7.293908,26.600584,32.805859,24.082105,25.467506,26.896404,23.147506,35.151923
0,0,0,0,0,0,0,0,0,8.796637,7.401906,7.511875,7.250490,7.285752,8.518965,7.806240,7.968992,7.776758,24.842462,32.705972,25.052302,26.037445,30.122824,23.999882,39.309217
0,0,0,0,0,0,0,0,0,7.838786,8.517240,7.422332,7.692346,9.144636,8.299981,7.754702,7.615011,7.383937,22.911769,25.172916,24.328642,24.643395,33.398534,26.526644,37.698048
0,0,0,0,0,0,0,0,0,7.909736,7.401179,8.191084,7.281241,7.941679,8.104044,8.039298,8.148673,7.808557,24.754378,28.143661,28.849477,22.934648,36.232758,25.697956,39.887560
0,0,0,0,0,0,0,0,0,7.865677,7.544559,7.894615,7.317474,7.716237,8.027329,8.146871,7.775832,7.766478,27.503783,29.825137,27.042088,28.567398,43.976430,29.807166,36.126557
0,0,0,0,0,0,0,0,0,8.076791,7.668413,7.998176,7.961483,7.439577,8.431453,7.779778,9.124900,8.735793,25.783001,28.450485,28.747002,24.422958,51.349670,27.555389,29.129546
0,0,0,0,0,0,0,0,0,7.918775,8.271871,7.653370,7.855658,7.484633,8.217392,7.995882,7.534086,7.702223,22.953071,30.712483,26.069821,23.807426,48.097048,22.929058,33.340429
0,0,0,0,0,0,0,0,0,7.883695,7.304578,8.347807,7.332459,8.267671,8.032852,7.890573,8.050156,7.882070,22.955790,23.041172,27.641331,22.942800,35.671326,28.434860,104.346708
0,0,0,0,0,0,0,0,0,7.736298,8.164587,7.527938,7.286782,7.300940,7.724854,8.259022,8.421910,7.908376,22.930532,25.981677,29.285209,23.807441,225.692534,24.922368,116.999079
0,0,0,0,0,0,0,0,0,7.994995,7.420844,7.984364,7.636369,7.336972,8.293557,8.392036,7.696577,7.822874,22.963689,28.870681,23.028240,24.415397,33.456091,23.496253,110.019785
0,0,0,0,0,0,0,0,0,7.928780,7.508764,7.952694,7.580687,7.784142,7.888792,7.869128,7.703902,8.275066,31.631981,28.893578,27.861213,31.958248,46.157619,25.712564,41.556086
0,0,0,0,0,0,0,0,0,8.558617,7.712451,7.593527,7.391486,7.279301,7.646407,7.392153,7.475603,7.309206,23.318449,27.851310,27.930341,24.614289,37.428063,23.886849,45.617368
0,0,0,0,0,0,0,0,0,7.950043,7.852327,7.778876,7.731893,7.603414,8.049257,7.932927,7.439490,8.388665,29.530542,26.991100,28.126725,23.559224,32.813735,29.063081,27.367518
0,0,0,0,0,0,0,0,0,8.488805,8.087952,7.785220,8.746425,8.591814,8.136942,7.465698,7.752168,8.254747,22.950440,23.425944,28.019812,25.853607,37.207969,24.153716,43.933510
0,0,0,0,0,0,0,0,0,7.305733,7.781936,7.805535,7.308583,7.298243,7.893640,7.889012,7.699784,7.536644,24.237190,25.427417,24.777556,30.340129,29.472968,30.254496,39.355739
0,0,0,0,0,0,0,0,0,8.007042,7.559893,8.587544,8.142363,8.089474,8.092369,7.942581,8.434246,7.543610,26.298175,32.548580,25.076305,24.551463,38.742301,24.953959,31.306577
0,0,0,0,0,0,0,0,0,8.308136,8.310082,7.628199,8.066847,7.258214,7.908957,7.718732,7.990047,7.475373,27.565958,27.164029,23.022333,27.337089,41.109420,22.981503,33.296795
0,0,0,0,0,0,0,0,0,7.691332,7.280283,8.017495,7.421127,8.037693,7.725884,8.299276,7.848745,7.652225,24.109794,26.143916,25.340805,22.943974,28.058785,22.917860,120.724813
0,0,0,0,0,0,0,0,0,7.964204,7.775984,8.761119,7.701267,7.665071,7.784510,8.188944,7.279002,7.500639,23.386454,30.019549,22.971274,27.344300,47.441011,37.872415,31.280990
0,0,0,0,0,0,0,0,0,8.233379,7.926784,8.219855,7.638973,7.951120,10.012390,7.815549,7.461519,7.465127,27.062327,28.678181,22.931918,25.890075,34.998754,22.956417,26.725211
0,0,0,0,0,0,0,0,0,7.841759,7.570043,7.892328,7.533946,7.587245,8.075239,7.601252,7.730374,7.636440,31.024120,25.020995,22.962231,22.985973,118.721575,34.342408,27.834437
0,0,0,0,0,0,0,0,0,7.708416,7.592010,8.002263,7.806387,7.387914,8.089987,7.809783,7.699973,7.628056,23.031088,31.239820,27.558905,26.446510,285.520592,24.768905,37.110346
0,0,0,0,0,0,0,0,0,7.875312,7.574201,8.099392,7.606477,7.335674,7.996539,8.190354,7.834323,7.639753,24.729084,37.399486,25.667740,28.663559,35.989602,46.439291,30.455782
0,0,0,0,0,0,0,0,0,8.126232,7.992723,7.712204,7.457985,7.969543,7.860684,7.771371,8.166992,7.800379,24.354006,28.851200,22.992416,26.990198,47.518892,35.714123,124.151337
0,0,0,0,0,0,0,0,0,8.086244,7.294935,7.690501,7.559546,8.163507,7.788792,8.622656,7.501989,7.424592,36.260897,29.744541,25.183373,24.236176,48.052493,25.006784,117.160101
0,0,0,0,0,0,0,0,0,7.803880,8.409721,7.677608,7.477292,7.276267,8.851884,7.829762,7.851382,7.712919,26.947703,34.866904,23.726119,24.629933,38.277830,26.582775,30.797551
0,0,0,0,0,0,0,0,0,7.723665,8.846854,7.419054,7.699932,7.527562,7.979784,8.091678,7.755951,7.648929,22.962727,24.626312,24.305580,24.941166,33.356218,22.933199,263.656993
0,0,0,0,0,0,0,0,0,8.595592,7.407659,7.546643,8.419385,7.283577,8.295629,7.784088,7.571694,7.379951,25.740166,27.377354,22.943659,24.487055,48.547180,39.218266,35.415970
0,0,0,0,0,0,0,0,0,8.083847,8.773706,7.590097,8.143398,7.864423,7.878700,7.806649,7.570083,7.795279,22.922271,34.267116,22.957651,25.230102,36.456430,23.081227,37.808352
0,0,0,0,0,0,0,0,0,8.321199,7.979189,7.855143,7.850744,7.488854,8.872286,8.028449,7.767227,7.358493,22.987485,34.712416,25.126301,24.022877,31.471454,26.030536,119.196837
0,0,0,0,0,0,0,0,0,7.968768,7.893361,7.690082,7.598186,7.641115,7.914638,7.786911,7.524000,8.271418,22.963510,31.102032,29.102352,27.291298,34.745811,33.721330,39.805512
0,0,0,0,0,0,0,0,0,8.423804,7.934433,7.830634,7.707655,7.374067,8.073901,7.801510,8.299959,7.903821,31.695292,27.081309,23.011944,23.958462,48.529444,22.948724,25.738466
0,0,0,0,0,0,0,0,0,8.009496,7.352759,7.820670,7.525159,7.984873,7.790213,8.216865,7.819363,7.688447,23.045818,29.228341,23.619469,24.325949,116.450561,24.727262,26.605591
0,0,0,0,0,0,0,0,0,7.717758,8.052695,7.816194,7.982274,7.843511,7.693580,8.353662,7.782038,7.923102,28.941560,32.435393,26.109152,26.804873,34.044093,23.094657,34.809999
0,0,0,0,0,0,0,0,0,8.004242,7.674125,8.061421,7.497805,7.322085,9.083240,8.305854,7.372214,7.713870,24.021132,32.902650,25.626401,25.075108,32.430495,24.172379,32.440037
0,0,0,0,0,0,0,0,0,8.159614,7.356983,7.726879,7.320653,7.324643,7.753629,8.350719,7.380631,7.317716,22.954106,25.581981,26.587338,26.834768,43.653309,32.821316,28.282172
0,0,0,0,0,0,0,0,0,8.262396,7.982814,7.538673,7.872289,7.518675,8.168966,8.150629,8.210614,7.587890,23.055261,57.689482,24.857668,26.737121,42.621586,24.332804,26.746944
0,0,0,0,0,0,0,0,0,7.725931,7.727124,7.606586,8.061367,7.664548,8.445233,7.591138,7.614528,7.742559,22.951566,29.228478,25.865896,25.059721,133.765862,25.587773,32.765445
0,0,0,0,0,0,0,0,0,7.961204,8.263811,7.706175,7.533905,8.103757,8.366095,8.446984,7.804388,7.440918,29.774172,22.964641,24.805280,27.644933,132.139456,25.069018,31.977825
0,0,0,0,0,0,0,0,0,7.623658,7.675740,7.981030,7.284360,7.395495,7.961027,7.853695,7.487598,8.393629,23.033136,33.018849,23.792860,25.895542,37.615087,25.165520,38.033634
0,0,0,0,0,0,0,0,0,8.016153,7.422951,7.654000,7.571101,7.279971,7.802474,7.694191,7.662778,8.168891,24.449452,32.752623,24.544542,24.652301,41.023731,24.367147,25.835317
0,0,0,0,0,0,0,0,0,8.442978,8.145032,7.342528,7.959958,8.423566,7.663597,7.399527,7.471559,7.631210,25.563324,31.981846,28.527758,27.408317,40.324482,25.028001,32.285849
0,0,0,0,0,0,0,0,0,7.923702,7.547890,15.084389,7.522774,8.022237,7.966135,7.912729,7.500296,7.327628,30.575129,29.604019,25.139334,30.313004,43.718301,27.354815,52.342547
0,0,0,0,0,0,0,0,0,7.831018,7.814030,7.890350,7.688487,7.291036,7.666307,7.940730,9.307365,7.366947,25.518636,27.076907,24.987861,26.226190,47.129362,27.177001,116.455087
0,0,0,0,0,0,0,0,0,7.659911,7.349768,7.887980,7.502816,7.414053,7.669641,8.048826,7.741805,7.678413,26.620544,28.260177,29.256876,26.344074,41.464191,23.479150,118.349427
0,0,0,0,0,0,0,0,0,8.192455,7.609344,7.692663,7.354640,7.780062,8.128533,7.616916,7.815296,8.340638,24.164878,44.410010,26.659865,34.196063,40.568872,24.772114,33.025615
0,0,0,0,0,0,0,0,0,7.649607,7.505055,7.488823,7.400022,7.394364,8.144825,7.604360,7.985851,8.494852,23.583413,34.895630,22.963092,24.117258,33.595071,26.607289,31.032308
0,0,0,0,0,0,0,0,0,7.302650,7.428206,7.586414,7.520507,7.959786,8.136287,8.043381,7.448817,8.497711,24.577017,24.967227,24.761026,25.970500,37.661555,26.040884,121.953806
0,0,0,0,0,0,0,0,0,8.054315,7.587327,7.895550,7.612885,7.586125,9.497112,8.772439,7.561137,7.411387,24.736648,29.953761,25.595694,24.207251,35.676079,22.966581,42.776628
0,0,0,0,0,0,0,0,0,7.737906,8.978683,7.365682,7.993042,7.327615,7.937635,8.504444,9.011529,7.425708,25.076102,35.313752,22.942292,23.002274,34.151549,25.524668,38.498127
0,0,0,0,0,0,0,0,0,7.465024,7.674538,7.638205,7.714781,7.935078,7.783801,7.824479,7.840248,7.422103,26.733097,34.934736,23.566881,23.926519,42.387201,25.344244,43.921514
0,0,0,0,0,0,0,0,0,7.910055,7.643390,7.787971,7.684157,7.912801,7.912621,8.049754,8.600470,7.289019,29.007478,51.259524,25.920071,28.232746,39.027988,24.209339,27.153959
0,0,0,0,0,0,0,0,0,7.943203,7.652535,8.381666,7.721298,7.310430,7.427309,7.413129,8.087122,7.866128,23.009827,28.686364,31.564860,28.008235,130.705613,25.087224,40.580809
0,0,0,0,0,0,0,0,0,7.988739,7.811582,7.790028,7.546009,7.850413,8.557101,7.799648,7.396986,7.402762,24.569882,44.335768,25.895079,26.269037,52.722912,23.103743,33.275385
0,0,0,0,0,0,0,0,0,7.832576,7.552867,8.649884,7.415815,8.140396,7.769267,8.002540,7.912504,8.176347,22.989320,28.941348,28.418110,26.138379,34.214281,22.943397,43.426645
0,0,0,0,0,0,0,0,0,8.038113,7.495428,8.575009,8.716422,7.445425,7.734421,8.152316,7.694119,7.513403,24.801376,28.321876,24.164797,23.006713,28.859505,24.906323,40.472082
0,0,0,0,0,0,0,0,0,7.653383,7.770678,7.696167,7.766902,8.081534,8.179498,7.729507,7.483526,7.713300,26.913520,31.263359,28.017745,24.228863,28.120881,22.958134,33.797690
0,0,0,0,0,0,0,0,0,7.404994,7.501250,7.875153,7.419806,7.463932,8.614947,8.011971,7.770772,8.404739,26.926796,32.573766,23.311337,25.745932,40.745356,22.955568,43.822224
0,0,0,0,0,0,0,0,0,7.775967,7.485493,7.913130,7.886388,7.336271,7.855100,8.411005,7.499716,7.536633,24.839724,31.990415,22.959168,25.382695,43.883934,25.227395,108.270512
0,0,0,0,0,0,0,0,0,7.461424,7.730563,7.809781,7.795682,8.038606,7.942660,7.968561,8.153514,8.030612,24.254990,29.041342,24.338110,22.904298,35.987034,23.764061,39.500742
0,0,0,0,0,0,0,0,0,7.735905,7.799333,8.002077,7.846141,7.267800,8.459995,7.540782,8.294667,8.002962,28.784082,27.674954,24.888008,23.385106,31.386101,27.145385,30.237813
0,0,0,0,0,0,0,0,0,8.285611,7.617397,7.673447,7.619681,7.448728,7.613454,8.173360,7.478167,7.285123,23.847122,26.957812,22.972507,26.954080,31.135628,25.409187,38.755481
0,0,0,0,0,0,0,0,0,7.611416,7.908369,7.957845,7.523725,7.813789,8.216815,8.043049,9.105892,7.530344,22.905970,27.598765,24.872857,24.762038,46.583910,24.566977,45.957461
0,0,0,0,0,0,0,0,0,7.602929,7.637195,7.722987,7.266730,7.958732,7.934781,9.231108,7.822734,7.385727,23.015567,30.670898,29.440120,37.311531,34.339682,23.156466,31.739833
0,0,0,0,0,0,0,0,0,7.559815,8.050467,7.596357,8.000226,7.299759,8.124893,7.547461,7.840671,7.562999,25.561740,26.251572,22.954426,27.032215,35.116754,24.481495,34.750979
0,0,0,0,0,0,0,0,0,7.467722,7.282449,7.854957,7.674022,7.719391,8.922328,7.962431,7.653384,8.074096,23.726946,28.421343,27.130194,28.537193,56.162549,26.495863,28.411896
0,0,0,0,0,0,0,0,0,7.937213,7.776133,8.350795,7.333438,8.375213,7.945318,7.798717,7.757852,8.355366,22.994747,28.712085,22.992180,23.873529,114.428159,24.876757,48.541586
0,0,0,0,0,0,0,0,0,8.011042,7.858588,7.685697,7.321609,7.644824,8.412612,7.774161,7.767727,7.562834,31.518579,29.659618,22.952345,25.859376,41.584817,27.232383,30.844202
0,0,0,0,0,0,0,0,0,8.031131,7.915358,8.349863,7.808986,8.815450,8.102955,7.777544,7.663892,7.939866,27.046183,42.174695,25.349008,25.201931,102.437952,26.010843,45.954649
0,0,0,0,0,0,0,0,0,7.745148,7.653186,8.024414,7.840548,7.482620,7.718638,8.183889,7.810631,7.306601,25.874477,23.953187,22.968495,22.982141,37.197796,25.942420,886.695312
0,0,0,0,0,0,0,0,0,7.605550,7.415958,7.655710,7.701942,7.585848,8.396354,8.513062,7.534133,8.595049,24.325869,28.825374,23.122101,27.723807,33.552223,23.126075,251.726628
0,0,0,0,0,0,0,0,0,8.049251,7.291441,7.419843,7.538110,7.305114,7.826562,7.656393,7.899277,7.396173,25.618022,50.699134,23.023740,23.259557,33.125185,24.093598,40.644447
0,0,0,0,0,0,0,0,0,8.149403,8.292281,7.494189,7.518422,7.292760,7.647151,7.749967,7.970262,8.029037,24.381628,29.013706,22.964807,25.667881,33.017620,23.009249,35.721543
0,0,0,0,0,0,0,0,0,7.978831,7.953959,7.831924,8.171493,8.281257,9.195487,8.360036,7.663065,8.004280,41.936457,28.031113,28.484320,25.208714,36.883571,27.854521,113.995003
0,0,0,0,0,0,0,0,0,7.637425,7.505797,7.702307,7.537537,7.867897,7.902192,7.673721,7.645707,7.644541,22.964270,29.058142,28.385071,25.201822,39.068187,23.342947,133.633584
0,0,0,0,0,0,0,0,0,8.375801,7.280574,7.700577,8.431920,7.903140,8.063054,8.296947,7.489875,7.538382,22.932025,35.977093,22.997934,23.913414,36.163281,23.063184,39.064556
0,0,0,0,0,0,0,0,0,8.287829,7.673419,7.276619,7.321111,7.285858,8.391723,7.488870,8.111171,8.211688,25.459300,25.599832,28.158675,22.950701,30.270227,26.125184,30.096270
0,0,0,0,0,0,0,0,0,7.781361,7.649686,8.913718,7.385625,7.609542,8.543528,7.633275,7.426885,7.421995,33.329345,30.729026,23.027074,34.981614,46.347764,24.254071,111.207535
0,0,0,0,0,0,0,0,0,8.141627,7.294544,7.701480,7.548465,7.481224,8.736408,7.495559,10.286059,7.611260,29.462293,31.744793,23.442755,27.615531,125.139587,28.664177,31.168339
0,0,0,0,0,0,0,0,0,7.542472,7.598146,7.548837,7.645299,7.609034,8.752530,7.532423,7.664207,7.592788,26.679962,31.186857,22.934568,25.015314,233.587037,28.725902,32.368125
0,0,0,0,0,0,0,0,0,8.227503,7.779614,7.524886,7.683300,7.284640,11.231156,8.077341,7.412945,8.730837,28.284731,27.284514,27.321686,24.615723,35.997499,25.554541,29.473431
0,0,0,0,0,0,0,0,0,8.419875,7.782342,7.898581,7.511327,7.299605,7.758126,8.279194,7.852340,7.594240,24.555119,32.423974,25.161045,23.805572,35.865899,23.557098,30.804105
0,0,0,0,0,0,0,0,0,7.689347,8.131272,8.533650,7.663887,8.137547,8.173503,7.580967,7.618558,7.918746,22.930344,28.550142,22.977453,29.355888,103.448089,24.581607,46.336151
0,0,0,0,0,0,0,0,0,8.469952,7.261504,7.674244,7.770118,7.700760,7.411788,8.128186,7.961670,7.792248,24.703357,30.644143,22.965532,22.947468,39.274361,23.845016,30.336430
0,0,0,0,0,0,0,0,0,7.593805,7.494545,7.455721,7.298879,7.698218,9.204241,7.926844,7.733683,7.581994,23.641815,30.531230,23.927680,24.146490,42.565519,24.413657,27.143163
0,0,0,0,0,0,0,0,0,8.040983,7.267249,7.659166,7.534880,7.616078,7.989792,7.443268,7.776458,8.225209,25.845281,36.771091,24.608944,25.714605,34.534311,22.986068,47.403183
0,0,0,0,0,0,0,0,0,7.728068,7.696115,7.741940,8.290944,8.372817,7.736343,7.533638,7.847444,7.728377,25.177395,28.130308,29.477252,26.843399,26.310489,33.168900,37.708205
0,0,0,0,0,0,0,0,0,7.858339,7.566165,8.064792,7.269890,7.293886,9.112814,8.097350,7.585820,7.470969,27.569726,23.513783,23.000477,33.514751,34.537450,22.973587,46.584741
0,0,0,0,0,0,0,0,0,7.683153,7.394423,8.201474,7.283249,7.991623,8.105421,8.112977,7.589990,7.615805,26.535025,32.897683,25.476463,28.548772,116.132180,31.065285,234.275545
0,0,0,0,0,0,0,0,0,7.639979,7.532606,8.104659,7.657003,7.399468,8.213257,8.264001,7.357500,7.591236,24.650041,27.096093,23.332197,34.307890,45.838031,24.860969,32.923631
0,0,0,0,0,0,0,0,0,7.566322,7.372330,7.700465,7.742431,7.514249,8.135154,8.258205,7.453891,7.985462,27.559993,29.077779,25.733760,25.997703,29.048493,22.962184,37.739791
0,0,0,0,0,0,0,0,0,8.012485,8.377997,7.596633,7.779371,7.611527,7.990291,9.380962,7.697354,8.848214,30.346065,26.264070,28.138927,24.571324,40.583019,26.165990,39.253860
0,0,0,0,0,0,0,0,0,8.445572,7.463413,7.659100,7.667308,7.284633,8.057700,8.241550,7.786504,7.754393,22.986044,43.166839,23.009837,25.454401,40.452733,25.297157,44.607394
0,0,0,0,0,0,0,0,0,8.758289,7.545566,7.909317,8.039210,7.646898,8.188643,7.584305,7.469842,7.839264,29.339374,30.854233,27.964804,25.836845,31.720979,28.882690,39.849650
0,0,0,0,0,0,0,0,0,8.200905,7.532479,7.473614,7.789945,7.670255,8.029183,8.179762,7.737371,7.543564,26.573579,29.411072,27.505556,22.947388,34.464725,24.851198,35.518850
0,0,0,0,0,0,0,0,0,7.409790,7.848331,7.708454,7.654994,8.436334,8.592722,7.891889,7.959639,7.609528,28.986333,30.921988,27.354903,25.450993,41.507713,28.448004,32.003695
0,0,0,0,0,0,0,0,0,7.495498,7.577595,7.464180,8.055757,7.401242,7.866540,8.953041,7.630618,7.888734,29.185686,35.973348,23.483775,24.696055,36.492292,24.363028,115.513286
0,0,0,0,0,0,0,0,0,7.948560,7.581029,7.816989,7.889357,7.533264,7.613023,7.984414,8.033076,7.269577,29.090792,30.526532,22.980550,24.149534,55.051540,24.782624,44.447461
0,0,0,0,0,0,0,0,0,8.982645,7.358163,7.918327,7.885148,7.414883,8.705750,7.949340,7.493064,8.716567,22.991173,30.729377,26.047695,25.586245,118.107994,27.093445,43.789407
0,0,0,0,0,0,0,0,0,8.686623,7.650911,9.221413,8.097535,7.287709,8.323704,7.587421,7.572867,8.187880,38.191071,26.344783,26.886234,24.390083,36.087652,26.039866,32.296922
0,0,0,0,0,0,0,0,0,8.932793,7.925127,7.821479,7.828423,7.424942,7.665355,8.126017,7.760977,7.833685,33.277419,30.148155,27.065287,28.241813,30.206442,26.349383,110.175865
0,0,0,0,0,0,0,0,0,8.203063,7.995289,8.392644,7.541514,7.419155,8.461277,7.804585,7.934764,7.306490,22.944319,28.445303,24.229271,26.365321,117.797337,31.634815,49.453870
0,0,0,0,0,0,0,0,0,7.773643,7.630370,8.365359,7.767573,7.342178,8.131072,7.274181,7.567767,7.317562,22.976058,32.029339,25.144244,30.156590,28.615311,24.891949,35.139630
0,0,0,0,0,0,0,0,0,7.541257,8.755723,7.475014,7.691464,7.740655,8.573157,8.317595,7.751185,7.523951,26.225636,26.226913,23.786708,24.909533,35.744649,24.807902,28.293352
